iter,err_x,err_y,err_z
0,0.008134941090444589,0.0008936224877201418,-0.03111952796430658
1,0.008094266804423189,0.0009391901958340742,-0.031143848778717464
2,0.008053795922216025,0.000984529629596354,-0.031168048547048455
3,0.008013527425942125,0.0010296419348647923,-0.03119212786978328
4,0.007973460302826803,0.0010745282517334424,-0.031216087344458233
5,0.007933593545175805,0.0011191897145614053,-0.03123992756567592
6,0.00789392615034961,0.0011636274520015004,-0.031263649125119045
7,0.00785445712073789,0.0012078425870287596,-0.0312872526115641
8,0.00781518546373401,0.0012518362369688782,-0.031310738610895034
9,0.0077761101917098105,0.0012956095135264179,-0.03133410770611689
10,0.007737230321990356,0.0013391635228129813,-0.03135736047736934
11,0.007698544876828969,0.0013824993653751558,-0.031380497501940184
12,0.007660052883382265,0.0014256181362224181,-0.0314035193542789
13,0.00762175337368542,0.001468520924854836,-0.03142642660600997
14,0.007583645384627444,0.0015112088152906679,-0.031449219825946305
15,0.007545727957926737,0.001553682886093827,-0.03147189958010252
16,0.007508000140106693,0.0015959442104012188,-0.03149446643170825
17,0.0074704609824713325,0.0016379938559499467,-0.03151692094122133
18,0.0074331095410812885,0.0016798328851043722,-0.03153926366634095
19,0.007395944876729673,0.0017214623548830782,-0.03156149516202087
20,0.007358966054918281,0.0017628833169856725,-0.031583615980482316
21,0.007322172145833757,0.0018040968178194797,-0.03160562667122717
22,0.007285562224323943,0.001845103898526075,-0.0316275277810508
23,0.007249135369874409,0.0018859055950077594,-0.031649319854055065
24,0.007212890666584959,0.0019265029379538518,-0.03167100343166109
25,0.007176827203146474,0.0019668969528668246,-0.03169257905262218
26,0.007140944072817644,0.0020070886600884147,-0.03171404725303647
27,0.007105240373401921,0.002047079074825514,-0.0317354085663597
28,0.007069715207224675,0.0020868692071759893,-0.03175666352341787
29,0.007034367681110339,0.0021264600621543387,-0.03177781265241978
30,0.006999196906359698,0.0021658526397172594,-0.03179885647896967
31,0.006964201998727394,0.0022050479347890933,-0.03181979552607965
32,0.006929382078399339,0.0022440469372870904,-0.03184063031418217
33,0.006894736269970536,0.0022828506321466184,-0.03186136136114243
34,0.006860263702422703,0.0023214599993462343,-0.031881989182270726
35,0.0068259635091023054,0.002359876013932593,-0.03190251429033471
36,0.0067918348276983995,0.0023980996460452866,-0.031922937195571655
37,0.006757876800220907,0.0024361318609415457,-0.031943258405700635
38,0.006724088572978723,0.0024739736190207977,-0.031963478425934666
39,0.006690469296558125,0.0025116258758491345,-0.031983597758992816
40,0.00665701812580119,0.002549089582183646,-0.03200361690511218
41,0.006623734219784355,0.0025863656839966455,-0.032023536362059915
42,0.006590616741797122,0.002623455122499756,-0.032043356625145146
43,0.006557664859320819,0.002660358834167907,-0.03206307818723085
44,0.00652487774400748,0.0026970777507631803,-0.03208270153874567
45,0.00649225457165886,0.0027336127993585835,-0.03210222716769574
46,0.006459794522205504,0.002769964902361659,-0.032121655559676346
47,0.006427496779686016,0.0028061349775380016,-0.03214098719788361
48,0.006395360532226369,0.0028421239380346562,-0.03216022256312615
49,0.006363384972019266,0.002877932692403416,-0.032179362133836625
50,0.0063315692953037446,0.002913562144623965,-0.03219840638608327
51,0.006299912702344762,0.002949013194126973,-0.03221735579358131
52,0.006268414397412982,0.0029842867358169773,-0.03223621082770446
53,0.006237073588764583,0.0030193836600952706,-0.03225497195749623
54,0.006205889488621209,0.003054304852882568,-0.03227363964968126
55,0.006174861313150021,0.003089051195641639,-0.032292214368676596
56,0.006143988282443836,0.0031236235653997854,-0.0323106965766029
57,0.00611326962050141,0.0031580228347712186,-0.03232908673329558
58,0.006082704555207783,0.0031922498719793406,-0.03234738529631595
59,0.006052292318314677,0.00322630554087887,-0.0323655927209623
60,0.0060220321454211205,0.0032601907009779316,-0.03238370946028086
61,0.005991923275954061,0.003293906207459964,-0.0324017359650768
62,0.005961964953149149,0.00332745291120554,-0.03241967268392514
63,0.005932156424031525,0.0033608316588141242,-0.032437520063181596
64,0.005902496939396828,0.0033940432926256583,-0.032455278546993434
65,0.005872985753792212,0.0034270886507420557,-0.0324729485773102
66,0.005843622125497502,0.0034599685670486284,-0.03249053059389443
67,0.005814405316506394,0.0034926838712353416,-0.032508025034332366
68,0.005785334592507797,0.003525235388818039,-0.03252543233404454
69,0.005756409222867314,0.003557623941159471,-0.032542752926296326
70,0.005727628480608712,0.0035898503454903094,-0.032559987242208495
71,0.005698991642395515,0.0036219154149299943,-0.032577135710767695
72,0.005670497988512773,0.0036538199585074973,-0.03259419875883683
73,0.005642146802848835,0.0036855647811819938,-0.03261117681116549
74,0.00561393737287724,0.003717150683863417,-0.03262807029040021
75,0.005585868989638709,0.0037485784634328665,-0.032644879617094835
76,0.005557940947723234,0.003779848912763041,-0.03266160520972069
77,0.005530152545252193,0.003810962820738405,-0.032678247484676785
78,0.005502503083860714,0.0038419209722753917,-0.03269480685629994
79,0.005474991868679905,0.0038727241483424153,-0.03271128373687494
80,0.005447618208319409,0.003903373125979842,-0.03272767853664444
81,0.005420381414849837,0.003933868678319787,-0.032743991663819125
82,0.005393280803785431,0.003964211574605935,-0.03276022352458753
83,0.005366315694066788,0.0039944025802131095,-0.03277637452312602
84,0.005339485408043604,0.004024442456666857,-0.03279244506160862
85,0.005312789271457586,0.004054331961662903,-0.032808435540216806
86,0.005286226613425425,0.00408407184908647,-0.03282434635714932
87,0.005259796766421828,0.0041136628690315626,-0.03284017790863184
88,0.005233499066262702,0.004143105767820087,-0.032855930588926656
89,0.0052073328520882865,0.004172401288020955,-0.03287160479034233
90,0.00518129746634661,0.004201550168469011,-0.03288720090324326
91,0.005155392254776711,0.004230553144283902,-0.032902719316059204
92,0.0051296165663923055,0.0042594109468888875,-0.03291816041529478
93,0.005103969753465156,0.004288124304029445,-0.03293352458553895
94,0.005078451171508903,0.004316693939791921,-0.03294881220947431
95,0.005053060179262649,0.0043451205746219915,-0.03296402366788661
96,0.005027796138674861,0.004373404925343045,-0.03297915933967392
97,0.005002658414887213,0.004401547705174513,-0.032994219601856
98,0.004977646376218605,0.00442954962375006,-0.033009204829583444
99,0.004952759394149167,0.004457411387135704,-0.033024115396146934
100,0.004927996843304444,0.004485133697847849,-0.033038951672986316
101,0.0049033581014396145,0.004512717254871213,-0.03305371402969975
102,0.00487884254942373,0.004540162753676669,-0.0330684028340527
103,0.004854449571224149,0.004567470886239017,-0.03308301845198699
104,0.004830178553890977,0.004594642341054634,-0.03309756124762975
105,0.004806028887541608,0.004621677803159034,-0.033112031583302344
106,0.004781999965345318,0.004648577954144381,-0.03312642981952922
107,0.004758091183507965,0.004675343472176872,-0.0331407563150468
108,0.004734301941256784,0.0047019750320140535,-0.03315501142681223
109,0.004710631640825172,0.004728473305022013,-0.03316919551001214
110,0.004687079687437667,0.00475483895919255,-0.033183308918071364
111,0.004663645489294928,0.0047810726591602255,-0.03319735200266161
112,0.004640328457558807,0.004807175066219268,-0.033211325113710076
113,0.004617128006337467,0.0048331468383404986,-0.03322522859940805
114,0.004594043552670694,0.004858988630188117,-0.03323906280621944
115,0.0045710745165150985,0.004884701093136369,-0.033252828078889254
116,0.004548220320729512,0.004910284875286206,-0.033266524760452165
117,0.004525480391060507,0.004935740621481797,-0.03328015319224079
118,0.004502854156127837,0.0049610689733269805,-0.03329371371389419
119,0.004480341047410045,0.004986270569201624,-0.0333072066633661
120,0.00445794049923014,0.005011346044277938,-0.03332063237693336
121,0.004435651948741359,0.005036296030536635,-0.033333991189204076
122,0.0044134748359129375,0.00506112115678307,-0.03334728343312587
123,0.004391408603516038,0.005085822048663304,-0.03336050943999408
124,0.004369452697109624,0.005110399328679998,-0.03337366953945989
125,0.004347606565026613,0.005134853616208329,-0.033386764059538394
126,0.004325869658359803,0.005159185527511774,-0.03339979332661674
127,0.004304241430948229,0.005183395675757845,-0.033412757665462096
128,0.004282721339363233,0.005207484671033672,-0.03342565739922965
129,0.004261308842894853,0.005231453120361599,-0.03343849284947054
130,0.004240003403538192,0.005255301627714645,-0.033451264336139826
131,0.004218804485979845,0.005279030794031907,-0.03346397217760428
132,0.004197711557584397,0.005302641217233858,-0.03347661669065025
133,0.0041767240883810435,0.00532613349223761,-0.03348919819049152
134,0.004155841551050182,0.00534950821097207,-0.03350171699077693
135,0.004135063420910199,0.005372765962393017,-0.0335141734035982
136,0.0041143891759041545,0.005395907332498127,-0.033526567739497616
137,0.00409381829658672,0.0054189329043418805,-0.03353890030747563
138,0.004073350266111024,0.005441843258050453,-0.03355117141499847
139,0.004052984570215709,0.005464638970836446,-0.03356338136800572
140,0.004032720697211873,0.0054873206170136515,-0.03357553047091789
141,0.00401255813797029,0.005509888768011651,-0.03358761902664384
142,0.003992496385908483,0.0055323439923903725,-0.033599647336588316
143,0.003972534936978055,0.005554686855854584,-0.03361161570065933
144,0.003952673289651935,0.005576917921268269,-0.03362352441727558
145,0.003932910944911759,0.005599037748669026,-0.033635373783373744
146,0.00391324740623529,0.0056210468952822565,-0.033647164094415906
147,0.003893682179583972,0.0056429459155354295,-0.03365889564439669
148,0.0038742147733904293,0.005664735361072133,-0.033670568725850655
149,0.003854844698546075,0.005686415780766164,-0.03368218362985942
150,0.0038355714683888376,0.005707987720735489,-0.033693740646058845
151,0.003816394598690922,0.005729451724356142,-0.0337052400626462
152,0.0037973136076465443,0.005750808332276062,-0.03371668216638724
153,0.0037783280158598677,0.005772058082428859,-0.033728067242623325
154,0.0037594373463328756,0.005793201510047514,-0.03373939557527843
155,0.0037406411244534257,0.0058142391476779754,-0.033750667446866105
156,0.0037219388779832505,0.005835171525192744,-0.03376188313849654
157,0.0037033301370460636,0.0058559991698043335,-0.0337730429298834
158,0.0036848144341157826,0.005876722606078704,-0.033784147099350806
159,0.0036663913040047053,0.005897342355948588,-0.03379519592384015
160,0.003648060283851832,0.005917858938726809,-0.033806189678916965
161,0.0036298209131112053,0.0059382728711194505,-0.0338171286387777
162,0.0036116727335402613,0.0059585846672390325,-0.0338280130762565
163,0.0035936152891884337,0.005978794838617566,-0.03383884326283194
164,0.0035756481263855043,0.005998903894219583,-0.03384961946863372
165,0.003557770793730307,0.006018912340455082,-0.03386034196244936
166,0.0035399828420793595,0.006038820681192407,-0.03387101101173078
167,0.003522283824535442,0.00605862941777103,-0.033881626882601
168,0.0035046732964365054,0.006078339049014364,-0.0338921898398606
169,0.0034871508153443823,0.006097950071242386,-0.033902700146994334
170,0.0034697159410336737,0.006117462978284291,-0.03391315806617762
171,0.0034523682354806796,0.006136878261491041,-0.033923563858283004
172,0.003435107262852348,0.006156196409747859,-0.033933917782886625
173,0.0034179325894953742,0.006175417909486641,-0.033944220098274615
174,0.003400843783925178,0.006194543244698348,-0.03395447106144948
175,0.0033838404168151787,0.0062135728969452885,-0.03396467092813646
176,0.0033669220609858596,0.00623250734537336,-0.033974819952789836
177,0.003350088291394111,0.006251347066724249,-0.03398491838859921
178,0.0033333386851225133,0.006270092535347514,-0.03399496648749582
179,0.003316672821368664,0.006288744223212655,-0.034004964500158684
180,0.003300090281434622,0.006307302599921113,-0.034014912676020845
181,0.003283590648716365,0.0063257681327181965,-0.03402481126327555
182,0.0032671735086932992,0.006344141286504953,-0.03403466050888235
183,0.003250838448917846,0.006362422523849967,-0.0340444606585732
184,0.0032345850590050624,0.006380612305001151,-0.03405421195685862
185,0.00321841293062228,0.006398711087897383,-0.034063914647033615
186,0.0032023216574788684,0.006416719328180179,-0.03407356897118377
187,0.003186310835316038,0.006434637479205245,-0.034083175170191264
188,0.0031703800618966146,0.006452465992054018,-0.03409273348374072
189,0.003154528936994942,0.006470205315545069,-0.034102244150325256
190,0.003138757062386814,0.006487855896245557,-0.0341117074072523
191,0.003123064041839463,0.006505418178482552,-0.0341211234906495
192,0.0031074494811016156,0.006522892604354288,-0.03413049263547055
193,0.003091912987893502,0.006540279613741429,-0.03413981507550101
194,0.003076454171897054,0.006557579644318208,-0.03414909104336411
195,0.0030610726447460874,0.00657479313156355,-0.03415832077052644
196,0.003045768020016485,0.006591920508772133,-0.03416750448730378
197,0.003030539913216516,0.006608962207065373,-0.03417664242286671
198,0.003015387941777149,0.006625918655402365,-0.034185734805246316
199,0.003000311725042443,0.006642790280590781,-0.03419478186133985
200,0.002985310884260006,0.006659577507297716,-0.034203783816916335
201,0.0029703850425713257,0.006676280758060423,-0.03421274089662214
202,0.002955533825002485,0.006692900453297077,-0.03422165332398655
203,0.0029407568584546113,0.006709437011317404,-0.034230521321427315
204,0.0029260537716945165,0.006725890848333344,-0.03423934511025613
205,0.002911424195345391,0.006742262378469563,-0.03424812491068414
206,0.002896867761877436,0.006758552013773989,-0.03425686094182739
207,0.002882384105598728,0.006774760164228243,-0.03426555342171223
208,0.002867972862645972,0.006790887237758074,-0.03427420256728073
209,0.0028536336709752926,0.006806933640243664,-0.034282808594396065
210,0.002839366170353234,0.006822899775529943,-0.034291371717847845
211,0.002825170002347636,0.00683878604543684,-0.034299892151357425
212,0.002811044810318656,0.00685459284976946,-0.03430837010758323
213,0.0027969902394097473,0.0068703205863282265,-0.034316805798126
214,0.0027830059365387886,0.00688596965091897,-0.03432519943353406
215,0.0027690915503892034,0.006901540437362963,-0.03433355122330847
216,0.0027552467314010762,0.006917033337506916,-0.03434186137590831
217,0.0027414711317624344,0.006932448741232881,-0.03435013009875578
218,0.002727764405400449,0.006947787036468183,-0.03435835759824133
219,0.0027141262079727383,0.006963048609195215,-0.03436654407972886
220,0.0027005561968587257,0.006978233843461236,-0.034374689747560694
221,0.0026870540311510482,0.006993343121388106,-0.034382794805062754
222,0.002673619371646936,0.007008376823181983,-0.03439085945454949
223,0.0026602518808396965,0.007023335327142943,-0.03439888389732902
224,0.002646951222910252,0.007038219009674566,-0.03440686833370799
225,0.0026337170637186916,0.007053028245293498,-0.03441481296299665
226,0.002620549070795837,0.007067763406638906,-0.03442271798351372
227,0.0026074469133349253,0.007082424864481958,-0.034430583592591345
228,0.0025944102621832626,0.007097012987735184,-0.03443840998657997
229,0.0025814387898340065,0.007111528143461869,-0.03444619736085324
230,0.002568532170417816,0.007125970696885299,-0.03445394590981278
231,0.00255569007969478,0.007140341011398036,-0.034461655826893076
232,0.002542912195046215,0.007154639448571151,-0.03446932730456627
233,0.0025301981954665327,0.007168866368163335,-0.03447696053434688
234,0.002517547761555214,0.007183022128130047,-0.03448455570679662
235,0.002504960575508769,0.0071971070846325765,-0.034492113011529074
236,0.0024924363211127074,0.00721112159204704,-0.034499632637214395
237,0.0024799746837336537,0.007225066002973396,-0.03450711477158405
238,0.0024675753503113794,0.007238940668244335,-0.0345145596014354
239,0.002455238009350987,0.007252745936934196,-0.034521967312636376
240,0.0024429623509150326,0.007266482156367776,-0.03452933809013009
241,0.0024307480666157354,0.007280149672129159,-0.034536672117939406
242,0.0024185948496073155,0.007293748828070438,-0.0345439695791715
243,0.002406502394578136,0.00730727996632044,-0.03455123065602247
244,0.0023944703977431354,0.007320743427293372,-0.034558455529781734
245,0.0023824985568361634,0.007334139549697449,-0.03456564438083664
246,0.0023705865711023855,0.007347468670543463,-0.034572797388676905
247,0.002358734141290696,0.007360731125153335,-0.03457991473189904
248,0.00234694096964623,0.007373927247168574,-0.03458699658821082
249,0.0023352067599028714,0.007387057368558729,-0.034594043134435704
250,0.0023235312172757913,0.007400121819629812,-0.034601054546517164
251,0.00231191404845407,0.007413120929032625,-0.03460803099952311
252,0.0023003549615932756,0.007426055023771115,-0.03461497266765023
253,0.002288853666308181,0.007438924429210616,-0.03462187972422825
254,0.0022774098736654492,0.007451729469086109,-0.03462875234172434
255,0.002266023296176338,0.007464470465510391,-0.03463559069174731
256,0.0022546936477895116,0.0074771477389822425,-0.034642394945051946
257,0.002243420643883857,0.007489761608394533,-0.03464916527154313
258,0.0022322040012613064,0.007502312391042292,-0.034655901840280195
259,0.002221043438139702,0.007514800402630721,-0.03466260481948104
260,0.002209938674145794,0.007527225957283206,-0.03466927437652633
261,0.0021988894303080872,0.007539589367549236,-0.03467591067796367
262,0.0021878954290499137,0.007551890944412348,-0.034682513889511664
263,0.002176956394182427,0.007564130997297947,-0.034689084176064165
264,0.002166072050897646,0.007576309834081171,-0.034695621701694226
265,0.0021552421257615604,0.007588427761094654,-0.03470212662965829
266,0.002144466346707278,0.007600485083136295,-0.034708599122400166
267,0.002133744443028183,0.007612482103476949,-0.0347150393415551
268,0.0021230761453710748,0.007624419123868107,-0.0347214474479538
269,0.002112461185729502,0.007636296444549518,-0.03472782360162639
270,0.002101899297436934,0.007648114364256795,-0.034734167961806436
271,0.0020913902151601144,0.007659873180228957,-0.03474048068693485
272,0.002080933674892335,0.0076715731882159586,-0.03474676193466387
273,0.002070529413946919,0.007683214682486154,-0.034753011861860944
274,0.002060177170950463,0.007694797955833739,-0.03475923062461264
275,0.002049876685836408,0.007706323299586161,-0.03476541837822854
276,0.0020396276998384272,0.007717791003611495,-0.03477157527724507
277,0.0020294299554839013,0.007729201356325739,-0.034777701475429364
278,0.0020192831965875494,0.0077405546447001355,-0.034783797125783056
279,0.0020091871682448997,0.007751851154268421,-0.034789862380546134
280,0.001999141616825924,0.007763091169134029,-0.03479589739120065
281,0.0019891462899686413,0.007774274971977286,-0.03480190230847453
282,0.0019792009365727937,0.007785402844062544,-0.03480787728234535
283,0.0019693053067935474,0.0077964750652453115,-0.034813822462043974
284,0.001959459152035197,0.0078074919139793,-0.034819737996058364
285,0.0019496622249449045,0.007818453667323486,-0.034825624032137174
286,0.0019399142794065346,0.007829360600949086,-0.03483148071729352
287,0.0019302150705344035,0.007840212989146559,-0.034837308197808545
288,0.0019205643546671757,0.007851011104832495,-0.0348431066192351
289,0.0019109618893617293,0.00786175521955655,-0.03484887612640137
290,0.0019014074333870655,0.00787244560350829,-0.03485461686341445
291,0.0018919007467182128,0.007883082525524015,-0.034860328973663944
292,0.0018824415905302682,0.007893666253093564,-0.03486601259982552
293,0.001873029727192334,0.007904197052367064,-0.03487166788386445
294,0.0018636649202615383,0.00791467518816165,-0.03487729496703917
295,0.0018543469344771805,0.007925100923968175,-0.034882893989904754
296,0.0018450755357547128,0.007935474521957846,-0.03488846509231644
297,0.0018358504911799444,0.007945796242988858,-0.034894008413433084
298,0.001826671569003117,0.007956066346612984,-0.034899524091720625
299,0.0018175385386331512,0.007966285091082123,-0.034905012264955536
300,0.001808451170631799,0.00797645273335483,-0.03491047307022826
301,0.0017994092367079148,0.007986569529102813,-0.03491590664394659
302,0.001790412509711679,0.007996635732717371,-0.034921313121839076
303,0.0017814607636289512,0.008006651597315853,-0.03492669263895843
304,0.0017725537735755364,0.008016617374748007,-0.0349320453296848
305,0.0017636913157915491,0.008026533315602378,-0.03493737132772923
306,0.0017548731676358031,0.008036399669212619,-0.03494267076613688
307,0.0017460991075802358,0.008046216683663787,-0.03494794377729039
308,0.001737368915204268,0.00805598460579862,-0.03495319049291317
309,0.0017286823711893716,0.008065703681223764,-0.03495841104407266
310,0.0017200392573134629,0.008075374154315954,-0.034963605561183594
311,0.0017114393564454805,0.008084996268228232,-0.034968774174011244
312,0.001702882452539905,0.008094570264896033,-0.03497391701167469
313,0.0016943683306313573,0.008104096385043343,-0.03497903420264993
314,0.0016858967768291395,0.008113574868188742,-0.03498412587477319
315,0.001677467578311928,0.008123005952651462,-0.03498919215524404
316,0.0016690805233223896,0.008132389875557406,-0.034994233170628546
317,0.0016607354011618696,0.008141726872845133,-0.0349992490468625
318,0.001652432002185094,0.00815101717927183,-0.03500423990925445
319,0.0016441701177949122,0.008160261028419193,-0.03500920588248888
320,0.001635949540437058,0.008169458652699375,-0.03501414709062931
321,0.0016277700635949097,0.008178610283360827,-0.03501906365712135
322,0.0016196314817843328,0.008187716150494148,-0.035023955704795835
323,0.0016115335905485177,0.00819677648303787,-0.03502882335587176
324,0.0016034761864527872,0.00820579150878426,-0.035033666731959505
325,0.0015954590670795808,0.008214761454385057,-0.03503848595406366
326,0.0015874820310232882,0.008223686545357205,-0.035043281142586216
327,0.0015795448778852252,0.00823256700608852,-0.0350480524173294
328,0.001571647408268585,0.008241403059843392,-0.0350527998974988
329,0.001563789423773454,0.008250194928768375,-0.035057523701706235
330,0.0015559707269917782,0.008258942833897826,-0.03506222394797274
331,0.0015481911215024906,0.008267646995159476,-0.0350669007537315
332,0.0015404504118664715,0.008276307631379968,-0.03507155423583079
333,0.0015327484036217038,0.00828492496029039,-0.035076184510536866
334,0.00152508490327838,0.008293499198531763,-0.03508079169353684
335,0.0015174597183140188,0.008302030561660515,-0.035085375899941595
336,0.0015098726571686678,0.008310519264153925,-0.03508993724428864
337,0.0015023235292400514,0.008318965519415513,-0.035094475840544974
338,0.0014948121448788037,0.008327369539780432,-0.03509899180210986
339,0.0014873383153836818,0.008335731536520844,-0.03510348524181772
340,0.0014799018529968772,0.008344051719851225,-0.035107956271940924
341,0.0014725025708992288,0.008352330298933697,-0.03511240500419258
342,0.0014651402832055837,0.008360567481883267,-0.03511683154972931
343,0.001457814804960109,0.008368763475773106,-0.03512123601915399
344,0.0014505259521316405,0.00837691848663978,-0.0351256185225186
345,0.0014432735416090553,0.0083850327194884,-0.03512997916932685
346,0.0014360573911967119,0.008393106378297861,-0.03513431806853696
347,0.0014288773196098029,0.008401139666025927,-0.03513863532856437
348,0.0014217331464698706,0.008409132784614392,-0.03514293105728449
349,0.0014146246923002364,0.008417085934994148,-0.035147205362035236
350,0.0014075517785214825,0.008424999317090268,-0.03515145834961989
351,0.0014005142274470114,0.008432873129827033,-0.035155690126309626
352,0.0013935118622785557,0.008440707571132978,-0.03515990079784621
353,0.001386544507101693,0.008448502837945848,-0.0351640904694446
354,0.001379611986881534,0.008456259126217601,-0.03516825924579566
355,0.001372714127458221,0.008463976630919317,-0.035172407231068625
356,0.0013658507555425947,0.008471655546046121,-0.03517653452891379
357,0.0013590216987118538,0.008479296064622112,-0.03518064124246509
358,0.0013522267854051994,0.008486898378705187,-0.03518472747434262
359,0.0013454658449195437,0.008494462679391886,-0.03518879332665522
360,0.0013387387074052075,0.008501989156822251,-0.03519283890100303
361,0.0013320452038616492,0.008509478000184584,-0.03519686429848001
362,0.0013253851661332759,0.008516929397720224,-0.03520086961967644
363,0.0013187584269051143,0.008524343536728296,-0.035204854964681453
364,0.0013121648196986906,0.008531720603570452,-0.0352088204330855
365,0.0013056041788678458,0.008539060783675532,-0.03521276612398286
366,0.0012990763395945174,0.00854636426154427,-0.03521669213597408
367,0.0012925811378846524,0.008553631220753947,-0.03522059856716847
368,0.0012861184105640788,0.008560861843962986,-0.035224485515186504
369,0.0012796879952743838,0.008568056312915608,-0.03522835307716225
370,0.0012732897304688524,0.008575214808446361,-0.03523220134974587
371,0.0012669234554084118,0.008582337510484716,-0.03523603042910592
372,0.001260589010157601,0.008589424598059604,-0.03523984041093178
373,0.0012542862355805122,0.008596476249303889,-0.03524363139043611
374,0.001248014973336833,0.00860349264145891,-0.03524740346235712
375,0.0012417750658778627,0.008610473950878914,-0.035251156720960984
376,0.0012355663564425684,0.008617420353035506,-0.03525489126004417
377,0.001229388689053584,0.008624332022522106,-0.0352586071729358
378,0.0012232419085133803,0.00863120913305829,-0.035262304552499964
379,0.0012171258604002904,0.00863805185749422,-0.03526598349113801
380,0.001211040391064687,0.00864486036781499,-0.035269644080790884
381,0.0012049853476250847,0.008651634835144938,-0.035273286412941404
382,0.001198960577964309,0.008658375429751982,-0.035276910578616524
383,0.001192965930725713,0.008665082321051905,-0.03528051666838964
384,0.0011870012553092991,0.008671755677612622,-0.0352841047723828
385,0.001181066401868009,0.008678395667158433,-0.03528767498026898
386,0.0011751612213039082,0.00868500245657425,-0.03529122738127435
387,0.0011692855652644877,0.0086915762119098,-0.035294762064180404
388,0.0011634392861389013,0.008698117098383803,-0.035298279117326255
389,0.001157622237054249,0.008704625280388161,-0.03530177862861082
390,0.0011518342718719375,0.008711100921492076,-0.035305260685495
391,0.001146075245183965,0.008717544184446164,-0.03530872537500384
392,0.0011403450123092873,0.008723955231186587,-0.03531217278372873
393,0.001134643429290168,0.008730334222839128,-0.03531560299782955
394,0.0011289703528885788,0.008736681319723221,-0.03531901610303684
395,0.0011233256405826296,0.008742996681356028,-0.035322412184653866
396,0.0011177091505628668,0.008749280466456438,-0.03532579132755885
397,0.0011121207417288902,0.008755532832949055,-0.035329153616207004
398,0.0011065602736856945,0.008761753937968223,-0.035332499134632656
399,0.0011010276067401313,0.008767943937861919,-0.03533582796645138
400,0.0010955226018974566,0.00877410298819577,-0.03533914019486202
401,0.0010900451208578344,0.0087802312437569,-0.03534243590264881
402,0.0010845950260128193,0.008786328858557868,-0.03534571517218342
403,0.001079172180441938,0.008792395985840541,-0.03534897808542701
404,0.0010737764479092434,0.008798432778079967,-0.035352224723932284
405,0.0010684076928598619,0.008804439386988196,-0.0353554551688455
406,0.0010630657804166581,0.008810415963518099,-0.03535866950090852
407,0.001057750576376756,0.008816362657867203,-0.035361867800460786
408,0.0010524619472082391,0.008822279619481446,-0.03536505014744139
409,0.0010471997600467714,0.008828166997058956,-0.035368216621390974
410,0.0010419638826922556,0.008834024938553781,-0.03537136730145379
411,0.0010367541836055197,0.008839853591179633,-0.03537450226637966
412,0.0010315705319050063,0.008845653101413593,-0.03537762159452588
413,0.0010264127973634897,0.00885142361499979,-0.03538072536385925
414,0.0010212808504048005,0.008857165276953087,-0.035383813651957974
415,0.0010161745621005789,0.008862878231562727,-0.03538688653601362
416,0.0010110938041670429,0.008868562622395973,-0.03538994409283302
417,0.0010060384489617117,0.008874218592301697,-0.03539298639884019
418,0.0010010083694802921,0.008879846283414034,-0.035396013530078256
419,0.0009960034393534279,0.008885445837155895,-0.03539902556221132
420,0.0009910235328435136,0.008891017394242588,-0.03540202257052636
421,0.0009860685248415549,0.008896561094685323,-0.03540500462993515
422,0.0009811382908640664,0.008902077077794756,-0.03540797181497602
423,0.0009762327070498856,0.008907565482184491,-0.035410924199815834
424,0.0009713516501570709,0.008913026445774578,-0.035413861858251766
425,0.0009664949975598384,0.008918460105794978,-0.03541678486371316
426,0.0009616626272454593,0.008923866598789033,-0.035419693289263386
427,0.000956854417811206,0.008929246060616887,-0.03542258720760159
428,0.0009520702484612537,0.008934598626458921,-0.0354254666910646
429,0.00094730999900374,0.00893992443081914,-0.03542833181162867
430,0.0009425735498476591,0.008945223607528582,-0.035431182640911274
431,0.000937860781999921,0.008950496289748696,-0.03543401925017294
432,0.0009331715770622832,0.00895574260997465,-0.03543684171031897
433,0.0009285058172284787,0.008960962700038712,-0.03543965009190124
434,0.0009238633852811773,0.008966156691113544,-0.03544244446511995
435,0.0009192441645890744,0.008971324713715523,-0.035445224899825385
436,0.0009146480391039463,0.008976466897708027,-0.03544799146551964
437,0.0009100748933577606,0.008981583372304673,-0.03545074423135837
438,0.0009055246124597562,0.008986674266072619,-0.03545348326615251
439,0.0009009970820935537,0.008991739706935765,-0.03545620863836998
440,0.0008964921885142867,0.008996779822178,-0.03545892041613741
441,0.0008920098185457629,0.009001794738446367,-0.035461618667241804
442,0.0008875498595776162,0.009006784581754313,-0.03546430345913232
443,0.0008831121995624134,0.009011749477484808,-0.0354669748589218
444,0.0008786967270129669,0.009016689550393515,-0.035469632933388624
445,0.0008743033309994156,0.009021604924611949,-0.03547227774897822
446,0.0008699319011465131,0.009026495723650597,-0.035474909371804836
447,0.0008655823276308138,0.009031362070401998,-0.035477527867653076
448,0.0008612545011779232,0.009036204087143892,-0.035480133301979674
449,0.0008569483130597646,0.009041021895542232,-0.03548272573991501
450,0.000852663655091846,0.00904581561665432,-0.03548530524626481
451,0.0008484004196305234,0.009050585370931775,-0.03548787188551171
452,0.0008441584995703427,0.00905533127822365,-0.035490425721816904
453,0.0008399377883412742,0.009060053457779368,-0.035492966819021726
454,0.0008357381799061058,0.009064752028251799,-0.035495495240649245
455,0.000831559568757765,0.009069427107700184,-0.03549801104990587
456,0.0008274018499166413,0.009074078813593131,-0.03550051430968286
457,0.000823264918927946,0.009078707262811613,-0.03550300508255799
458,0.000819148671859149,0.009083312571651818,-0.035505483430797034
459,0.0008150530052972748,0.009087894855828177,-0.03550794941635536
460,0.0008109778163464244,0.009092454230476192,-0.03551040310087944
461,0.0008069230026250587,0.009096990810155416,-0.035512844545708445
462,0.0008028884622635194,0.009101504708852256,-0.03551527381187571
463,0.0007988740939014495,0.009105996039982888,-0.03551769096011031
464,0.0007948797966852245,0.00911046491639613,-0.03552009605083852
465,0.0007909054702654227,0.009114911450376217,-0.0355224891441854
466,0.0007869510147943389,0.009119335753645689,-0.03552487029997621
467,0.0007830163309234703,0.009123737937368193,-0.03552723957773796
468,0.0007791013198009459,0.009128118112151227,-0.03552959703670087
469,0.0007752058830691478,0.009132476388049003,-0.035531942735799855
470,0.0007713299228621789,0.009136812874565175,-0.035534276733676005
471,0.0007674733418034336,0.009141127680655585,-0.03553659908867804
472,0.0007636360430030983,0.009145420914731025,-0.035538909858863744
473,0.000759817930055817,0.009149692684659967,-0.03554120910200145
474,0.0007560189070381564,0.009153943097771266,-0.03554349687557146
475,0.0007522388785062808,0.009158172260856879,-0.035545773236767504
476,0.0007484777494935104,0.009162380280174515,-0.0355480382424981
477,0.0007447354255079619,0.009166567261450362,-0.03555029194938806
478,0.0007410118125301624,0.0091707333098817,-0.035552534413779854
479,0.0007373068170106551,0.00917487853013959,-0.03555476569173504
480,0.0007336203458677287,0.009179003026371462,-0.03555698583903561
481,0.0007299523064849893,0.00918310690220377,-0.035559194911185456
482,0.0007263026067091227,0.00918719026074462,-0.03556139296341171
483,0.000722671154847488,0.009191253204586285,-0.03556358005066612
484,0.0007190578596659052,0.009195295835807875,-0.03556575622762644
485,0.0007154626303862831,0.009199318255977855,-0.035567921548697805
486,0.0007118853766843899,0.009203320566156619,-0.03557007606801404
487,0.0007083260086875692,0.009207302866899024,-0.03557221983943906
488,0.0007047844369724778,0.009211265258256942,-0.03557435291656818
489,0.0007012605725628519,0.009215207839781712,-0.035576475352729495
490,0.0006977543269272623,0.009219130710526763,-0.035578587200985154
491,0.0006942656119768759,0.009223033969049983,-0.03558068851413273
492,0.0006907943400632913,0.009226917713416279,-0.0355827793447065
493,0.0006873404239762761,0.009230782041200009,-0.03558485974497881
494,0.0006839037769416265,0.009234627049487444,-0.03558692976696133
495,0.0006804843126189555,0.009238452834879233,-0.03558898946240636
496,0.0006770819450995284,0.00924225949349279,-0.03559103888280814
497,0.000673696588904126,0.009246047120964765,-0.0355930780794041
498,0.0006703281589808761,0.009249815812453382,-0.03559510710317622
499,0.000666976570703147,0.009253565662640911,-0.03559712600485218
500,0.0006636417398673483,0.009257296765735995,-0.035599134834906725
501,0.0006603235826909189,0.009261009215476049,-0.035601133643562884
502,0.0006570220158101353,0.009264703105129592,-0.03560312248079324
503,0.0006537369562780781,0.00926837852749862,-0.03560510139632116
504,0.0006504683215625011,0.00927203557492094,-0.035607070439622024
505,0.0006472160295437753,0.009275674339272458,-0.035609029659924504
506,0.0006439799985128643,0.009279294911969539,-0.035610979106211756
507,0.0006407601471691966,0.009282897383971266,-0.03561291882722266
508,0.000637556394618704,0.009286481845781767,-0.035614848871453005
509,0.0006343686603717196,0.00929004838745244,-0.03561676928715678
510,0.0006311968643410079,0.00929359709858429,-0.03561868012234725
511,0.0006280409268397011,0.0092971280683301,-0.03562058142479828
512,0.0006249007685793663,0.009300641385396755,-0.03562247324204545
513,0.0006217763106679681,0.009304137138047402,-0.035624355621387264
514,0.0006186674746078557,0.009307615414103734,-0.03562622860988633
515,0.0006155741822938811,0.009311076300948138,-0.035628092254370566
516,0.0006124963560113487,0.00931451988552596,-0.03562994660143429
517,0.0006094339184341337,0.009317946254347618,-0.035631791697439456
518,0.0006063867926226654,0.009321355493490838,-0.0356336275885168
519,0.0006033549020220793,0.00932474768860281,-0.03563545432056694
520,0.000600338170460226,0.009328122924902298,-0.03563727193926158
521,0.0005973365221457554,0.009331481287181836,-0.03563908049004464
522,0.0005943498816663123,0.009334822859809843,-0.03564088001813335
523,0.0005913781739864893,0.009338147726732733,-0.035642670568519434
524,0.000588421324446081,0.009341455971477047,-0.03564445218597017
525,0.0005854792587581265,0.009344747677151538,-0.03564622491502958
526,0.0005825519030070577,0.009348022926449264,-0.03564798880001948
527,0.0005796391836468519,0.00935128180164968,-0.035649743885040636
528,0.0005767410274992137,0.009354524384620684,-0.03565149021397379
529,0.0005738573617516771,0.00935775075682071,-0.03565322783048086
530,0.0005709881139557914,0.00936096099930075,-0.03565495677800594
531,0.0005681332120253675,0.009364155192706386,-0.035656677099776414
532,0.0005652925842345792,0.00936733341727986,-0.035658388838804046
533,0.0005624661592162005,0.009370495752862045,-0.03566009203788607
534,0.0005596538659598052,0.009373642278894484,-0.03566178673960618
535,0.0005568556338100287,0.00937677307442137,-0.035663472986335695
536,0.0005540713924646835,0.009379888218091546,-0.03566515082023454
537,0.0005513010719731182,0.009382987788160463,-0.035666820283252326
538,0.0005485446027344008,0.009386071862492195,-0.0356684814171294
539,0.0005458019154955424,0.009389140518561342,-0.03567013426339791
540,0.0005430729413498068,0.009392193833455006,-0.035671778863382755
541,0.0005403576117349778,0.009395231883874726,-0.03567341525820273
542,0.0005376558584315874,0.009398254746138411,-0.035675043488771464
543,0.0005349676135612592,0.009401262496182257,-0.035676663595798484
544,0.000532292809584976,0.009404255209562645,-0.03567827561979022
545,0.0005296313793014003,0.009407232961458064,-0.03567987960105101
546,0.0005269832558451474,0.009410195826670978,-0.035681475579684145
547,0.0005243483726851438,0.009413143879629722,-0.03568306359559277
548,0.0005217266636229165,0.009416077194390367,-0.03568464368848101
549,0.0005191180627910375,0.009418995844638593,-0.03568621589785487
550,0.0005165225046512971,0.009421899903691524,-0.035687780263023224
551,0.0005139399239931964,0.009424789444499579,-0.035689336823098876
552,0.0005113702559322513,0.009427664539648328,-0.03569088561699942
553,0.0005088134359083705,0.009430525261360288,-0.03569242668344831
554,0.0005062693996842615,0.009433371681496727,-0.03569396006097576
555,0.0005037380833437532,0.00943620387155952,-0.035695485787919756
556,0.0005012194232902491,0.009439021902692924,-0.035697003902426964
557,0.0004987133562451211,0.009441825845685342,-0.035698514442453706
558,0.000496219819246087,0.009444615770971134,-0.035700017445766924
559,0.0004937387496456679,0.009447391748632393,-0.0357015129499451
560,0.0004912700851095866,0.009450153848400656,-0.03570300099237916
561,0.0004888137636152208,0.009452902139658735,-0.03570448161027351
562,0.0004863697234500185,0.009455636691442382,-0.03570595484064684
563,0.00048393790320998514,0.00945835757244209,-0.03570742072033313
564,0.00048151824179812455,0.00946106485100479,-0.035708879285982535
565,0.00047911067842290036,0.009463758595135553,-0.03571033057406233
566,0.0004767151525966814,0.009466438872499344,-0.03571177462085778
567,0.0004743316041342836,0.009469105750422679,-0.035713211462473055
568,0.0004719599731514067,0.009471759295895344,-0.03571464113483214
569,0.0004696002000631681,0.009474399575572088,-0.03571606367367975
570,0.00046725222558257316,0.009477026655774259,-0.035717479114582174
571,0.0004649159907190447,0.009479640602491493,-0.035718887492928224
572,0.00046259143677691064,0.009482241481383404,-0.03572028884393003
573,0.00046027850535400105,0.00948482935778118,-0.03572168320262402
574,0.00045797713834011447,0.009487404296689265,-0.035723070603871705
575,0.00045568727791555594,0.009489966362786977,-0.03572445108236061
576,0.0004534088665497346,0.00949251562043013,-0.03572582467260509
577,0.00045114184699967185,0.009495052133652667,-0.03572719140894727
578,0.0004488861623086246,0.009497575966168256,-0.03572855132555777
579,0.00044664175580454255,0.009500087181371897,-0.035729904456436694
580,0.00044440857109877594,0.009502585842341524,-0.0357312508354144
581,0.00044218655208456726,0.00950507201183958,-0.035732590496152364
582,0.0004399756429356822,0.009507545752314567,-0.03573392347214398
583,0.000437775788104982,0.009510007125902697,-0.03573524979671549
584,0.00043558693232307574,0.009512456194429357,-0.03573656950302671
585,0.00043340902059687143,0.00951489301941074,-0.03573788262407193
586,0.0004312419982082156,0.009517317662055345,-0.03573918919268068
587,0.0004290858107125757,0.009519730183265516,-0.0357404892415186
588,0.0004269404039375356,0.009522130643639022,-0.03574178280308822
589,0.0004248057239816221,0.009524519103470516,-0.035743069909729766
590,0.0004226817172127709,0.00952689562275309,-0.03574435059362201
591,0.00042056833026711467,0.009529260261179767,-0.035745624886783026
592,0.000418465510047534,0.009531613078145018,-0.035746892821070984
593,0.00041637320372241583,0.009533954132746218,-0.035748154428185
594,0.00041429135872428054,0.009536283483785192,-0.03574940973966584
595,0.0004122199227484641,0.009538601189769628,-0.0357506587868968
596,0.00041015884375178343,0.009540907308914591,-0.035751901601104426
597,0.0004081080699512906,0.009543201899143965,-0.035753138213359285
598,0.0004060675498229125,0.009545485018091925,-0.0357543686545768
599,0.0004040372321002009,0.009547756723104357,-0.03575559295551792
600,0.00040201706577299367,0.009550017071240327,-0.03575681114679001
601,0.0004000070000861773,0.009552266119273518,-0.03575802325884751
602,0.0003980069845383731,0.009554503923693631,-0.035759229321992755
603,0.0003960169688807512,0.009556730540707804,-0.03576042936637669
604,0.0003940369031156448,0.009558946026242071,-0.03576162342199963
605,0.00039206673749539304,0.009561150435942708,-0.03576281151871204
606,0.0003901064225210364,0.00956334382517766,-0.03576399368621522
607,0.0003881559089411258,0.00956552624903794,-0.03576516995406208
608,0.00038621514775042585,0.009567697762338997,-0.03576634035165791
609,0.00038428409018872436,0.0095698584196221,-0.03576750490826099
610,0.0003823626877395568,0.009572008275155697,-0.0357686636529835
611,0.0003804508921290962,0.009574147382936793,-0.03576981661479205
612,0.00037854865532479707,0.00957627579669233,-0.03577096382250855
613,0.0003766559295343066,0.009578393569880456,-0.03577210530481085
614,0.00037477266720421033,0.009580500755691963,-0.03577324109023348
615,0.00037289882101882436,0.009582597407051563,-0.03577437120716834
616,0.00037103434389907275,0.009584683576619242,-0.0357754956838654
617,0.00036917918900119905,0.009586759316791565,-0.035776614548433484
618,0.00036733330971569874,0.009588824679703008,-0.035777727828840825
619,0.00036549665966607777,0.009590879717227281,-0.03577883555291591
620,0.0003636691927077123,0.009592924480978577,-0.03577993774834802
621,0.0003618508629267051,0.009594959022312936,-0.03578103444268806
622,0.0003600416246386819,0.009596983392329488,-0.035782125663349165
623,0.0003582414323877023,0.00959899764187175,-0.035783211437607376
624,0.0003564502409450821,0.009601001821528909,-0.03578429179260236
625,0.0003546680053082787,0.009602995981637077,-0.03578536675533803
626,0.0003528946806997004,0.009604980172280583,-0.03578643635268327
627,0.0003511302225656979,0.0096069544432932,-0.03578750061137256
628,0.0003493745865753526,0.009608918844259417,-0.03578855955800667
629,0.0003476277286193619,0.009610873424515665,-0.035789613219053294
630,0.0003458896048089759,0.009612818233151573,-0.03579066162084771
631,0.0003441601714748702,0.009614753319011201,-0.03579170478959343
632,0.00034243938516605676,0.009616678730694253,-0.03579274275136289
633,0.00034072720264879513,0.009618594516557314,-0.035793775532098046
634,0.0003390235809054991,0.009620500724715033,-0.03579480315761102
635,0.0003373284771336433,0.00962239740304137,-0.03579582565358478
636,0.0003356418487447171,0.009624284599170772,-0.035796843045573706
637,0.0003339636533631392,0.009626162360499381,-0.03579785535900431
638,0.00033229384882519465,0.00962803073418621,-0.03579886261917579
639,0.00033063239317795805,0.009629889767154346,-0.0357998648512607
640,0.00032897924467826855,0.009631739506092104,-0.03580086208030553
641,0.00032733436179167874,0.009633579997454239,-0.03580185433123139
642,0.0003256977031913997,0.009635411287463045,-0.03580284162883457
643,0.0003240692277572458,0.009637233422109578,-0.03580382399778713
644,0.0003224488945746262,0.009639046447154789,-0.03580480146263762
645,0.0003208366629335238,0.009640850408130657,-0.03580577404781157
646,0.00031923249232744424,0.009642645350341346,-0.03580674177761213
647,0.00031763634245244145,0.009644431318864343,-0.0358077046762207
648,0.00031604817320605397,0.00964620835855159,-0.03580866276769748
649,0.0003144679446863176,0.009647976514030588,-0.03580961607598207
650,0.00031289561719080366,0.00964973582970555,-0.03581056462489413
651,0.00031133115121552586,0.00965148634975848,-0.03581150843813384
652,0.0003097745074540544,0.009653228118150309,-0.035812447539282595
653,0.0003082256467964611,0.009654961178621989,-0.035813381951803516
654,0.00030668453032837436,0.009656685574695557,-0.035814311699042076
655,0.00030515111932995383,0.009658401349675301,-0.03581523680422663
656,0.0003036253752749666,0.009660108546648763,-0.035816157290469
657,0.0003021072598298169,0.009661807208487883,-0.03581707318076506
658,0.0003005967348525292,0.00966349737785003,-0.03581798449799527
659,0.00029909376239185804,0.009665179097179085,-0.035818891264925254
660,0.0002975983046862843,0.009666852408706532,-0.03581979350420636
661,0.00029611032416310807,0.009668517354452465,-0.0358206912383762
662,0.0002946297834374613,0.009670173976226675,-0.035821584489859226
663,0.00029315664531140987,0.009671822315629703,-0.035822473280967236
664,0.00029169087277298707,0.009673462414053844,-0.035823357633899953
665,0.00029023242899527005,0.009675094312684233,-0.03582423757074554
666,0.000288781277335473,0.009676718052499835,-0.03582511311348121
667,0.00028733738133402347,0.009678333674274491,-0.03582598428397363
668,0.0002859007047136216,0.009679941218577952,-0.03582685110397956
669,0.0002844712113783504,0.009681540725776858,-0.03582771359514637
670,0.000283048865412756,0.009683132236035761,-0.03582857177901251
671,0.0002816336310809709,0.009684715789318175,-0.03582942567700808
672,0.00028022547282576866,0.009686291425387501,-0.03583027531045533
673,0.0002788243552677465,0.009687859183808071,-0.03583112070056918
674,0.00027743024320434604,0.009689419103946132,-0.03583196186845775
675,0.00027604310160902736,0.00969097122497082,-0.035832798835122845
676,0.0002746628956303621,0.009692515585855136,-0.03583363162146044
677,0.0002732895905912198,0.00969405222537694,-0.03583446024826126
678,0.00027192315198778925,0.009695581182119897,-0.035835284736211184
679,0.00027056354548879875,0.009697102494474454,-0.03583610510589181
680,0.00026921073693461775,0.009698616200638806,-0.03583692137778094
681,0.0002678646923364052,0.009700122338619829,-0.035837733572253026
682,0.00026652537787526205,0.009701620946234038,-0.0358385417095797
683,0.0002651927599013753,0.009703112061108564,-0.03583934580993026
684,0.0002638668049331792,0.00970459572068201,-0.03584014589337211
685,0.0002625474796564694,0.009706071962205486,-0.03584094197987126
686,0.0002612347509236699,0.00970754082274348,-0.03584173408929283
687,0.00025992858575286715,0.009709002339174771,-0.035842522241401435
688,0.0002586289513271107,0.009710456548193382,-0.03584330645586177
689,0.00025733581499347264,0.009711903486309494,-0.03584408675223898
690,0.00025604914426233987,0.009713343189850336,-0.035844863149999115
691,0.0002547689068064989,0.00971477569496109,-0.03584563566850967
692,0.0002534950704603477,0.009716201037605801,-0.035846404327039984
693,0.00025222760321917534,0.009717619253568288,-0.035847169144761645
694,0.00025096647323822967,0.009719030378452988,-0.03584793014074904
695,0.00024971164883197617,0.009720434447685885,-0.0358486873339797
696,0.0002484630984733219,0.009721831496515378,-0.03584944074333482
697,0.0002472207907928111,0.00972322156001314,-0.035850190387599616
698,0.0002459846945778068,0.009724604673075014,-0.03585093628546379
699,0.00024475477877173695,0.009725980870421867,-0.03585167845552201
700,0.00024353101247330617,0.009727350186600437,-0.03585241691627421
701,0.0002423133649357244,0.009728712655984227,-0.035853151686126135
702,0.00024110180556591058,0.00973006831277432,-0.0358538827833897
703,0.00023989630392375934,0.009731417191000236,-0.035854610226283404
704,0.00023869682972136146,0.009732759324520798,-0.03585533403293272
705,0.00023750335282224114,0.009734094747024934,-0.03585605422137056
706,0.00023631584324057629,0.00973542349203253,-0.03585677080953757
707,0.0002351342711404867,0.009736745592895264,-0.03585748381528268
708,0.00023395860683528825,0.009738061082797388,-0.035858193256363316
709,0.00023278882078667934,0.009739369994756622,-0.03585889915044593
710,0.00023162488360407144,0.009740672361624882,-0.035859601515106324
711,0.00023046676604382202,0.009741968216089166,-0.03586030036783
712,0.0002293144390084932,0.009743257590672292,-0.03586099572601261
713,0.00022816787354614393,0.009744540517733748,-0.03586168760696024
714,0.0002270270408495547,0.009745817029470456,-0.03586237602788984
715,0.00022589191225557914,0.009747087157917573,-0.03586306100592953
716,0.00022476245924434745,0.009748350934949279,-0.03586374255811902
717,0.00022363865343860538,0.009749608392279547,-0.035864420701409896
718,0.00022252046660297688,0.009750859561462941,-0.03586509545266596
719,0.00022140787064323537,0.009752104473895327,-0.03586576682866363
720,0.00022030083760566805,0.009753343160814734,-0.03586643484609224
721,0.0002191993396762709,0.00975457565330202,-0.03586709952155434
722,0.0002181033491801469,0.009755801982281691,-0.03586776087156603
723,0.00021701283858075607,0.009757022178522607,-0.035868418912557314
724,0.00021592778047921206,0.009758236272638773,-0.035869073660872365
725,0.00021484814761365498,0.00975944429509004,-0.035869725132769814
726,0.00021377391285852277,0.00976064627618286,-0.03587037334442311
727,0.0002127050492238729,0.009761842246071012,-0.035871018311920744
728,0.00021164152985468778,0.009763032234756323,-0.035871660051266546
729,0.00021058332803026438,0.00976421627208939,-0.03587229857837999
730,0.0002095304171634516,0.009765394387770297,-0.035872933909096426
731,0.00020848277080006122,0.009766566611349316,-0.035873566059167326
732,0.00020744036261816882,0.009767732972227636,-0.035874195044260586
733,0.0002064031664274527,0.00976889349965801,-0.03587482087996072
734,0.00020537115616853284,0.009770048222745499,-0.03587544358176909
735,0.00020434430591233541,0.00977119717044814,-0.03587606316510417
736,0.00020332258985941042,0.009772340371577615,-0.03587667964530175
737,0.00020230598233933437,0.009773477854799931,-0.035877293037615075
738,0.00020129445781000256,0.00977460964863611,-0.03587790335721511
739,0.0002002879908570104,0.009775735781462817,-0.0358785106191907
740,0.00019928655619306458,0.009776856281513051,-0.03587911483854873
741,0.00019829012865728795,0.00977797117687678,-0.035879716030214275
742,0.00019729868321457985,0.009779080495501552,-0.03588031420903078
743,0.00019631219495503546,0.00978018426519321,-0.03588090938976016
744,0.00019533063909330607,0.00978128251361645,-0.0358815015870829
745,0.00019435399096794648,0.009782375268295476,-0.03588209081559822
746,0.00019338222604083454,0.009783462556614608,-0.03588267708982411
747,0.00019241531989652272,0.009784544405818909,-0.03588326042419739
748,0.00019145324824165354,0.00978562084301475,-0.03588384083307384
749,0.00019049598690431952,0.009786691895170441,-0.03588441833072814
750,0.0001895435118334871,0.00978775758911679,-0.03588499293135396
751,0.00018859579909836946,0.009788817951547703,-0.03588556464906389
752,0.00018765282488783315,0.009789873009020721,-0.035886133497889494
753,0.00018671456550980084,0.009790922787957606,-0.0358866994917812
754,0.00018578099739066225,0.009791967314644892,-0.035887262644608266
755,0.00018485209707465964,0.0097930066152344,-0.03588782297015862
756,0.00018392784122333292,0.00979404071574378,-0.03588838048213884
757,0.00018300820661489657,0.00979506964205705,-0.035888935194173896
758,0.00018209317014367617,0.009796093419925083,-0.035889487119807044
759,0.00018118270881956606,0.009797112074966098,-0.03589003627249958
760,0.00018027679976734704,0.009798125632666166,-0.035890582665630576
761,0.00017937542022622877,0.009799134118379658,-0.035891126312496614
762,0.00017847854754920572,0.00980013755732973,-0.03589166722631145
763,0.00017758615920250635,0.009801135974608742,-0.03589220542020567
764,0.00017669823276505488,0.009802129395178702,-0.035892740907226245
765,0.0001758147459278527,0.009803117843871674,-0.03589327370033606
766,0.00017493567649347837,0.00980410134539018,-0.035893803812413486
767,0.00017406100237546895,0.009805079924307566,-0.035894331256251674
768,0.0001731907015978369,0.009806053605068386,-0.03589485604455805
769,0.0001723247522944473,0.009807022411988707,-0.03589537818995357
770,0.00017146313270850508,0.009807986369256469,-0.03589589770497199
771,0.0001706058211920423,0.009808945500931737,-0.03589641460205895
772,0.00016975279620529097,0.009809899830947018,-0.0358969288935712
773,0.00016890403631618318,0.009810849383107475,-0.03589744059177546
774,0.00016805952019988493,0.00981179418109115,-0.0358979497088474
775,0.00016721922663813922,0.00981273424844917,-0.03589845625687048
776,0.00016638313451879596,0.009813669608605864,-0.035898960247834545
777,0.0001655512228352863,0.009814600284858936,-0.035899461693634505
778,0.00016472347068608042,0.009815526300379492,-0.03589996060606871
779,0.0001638998572741705,0.009816447678212136,-0.03590045699683731
780,0.00016308036190654953,0.009817364441274932,-0.035900950877540416
781,0.00016226496399368164,0.009818276612359358,-0.035901442259676036
782,0.00016145364304899794,0.009819184214130227,-0.03590193115463794
783,0.0001606463786883879,0.009820087269125513,-0.03590241757371327
784,0.00015984315062965288,0.009820985799756125,-0.035902901528079914
785,0.00015904393869205688,0.00982187982830564,-0.035903383028803665
786,0.00015824872279577567,0.009822769376929925,-0.03590386208683515
787,0.00015745748296140118,0.009823654467656732,-0.035904338713006426
788,0.0001566701993094328,0.009824535122385106,-0.03590481291802726
789,0.0001558868520598369,0.009825411362884832,-0.0359052847124811
790,0.00015510742153147883,0.00982628321079565,-0.03590575410682064
791,0.00015433188814165704,0.009827150687626417,-0.03590622111136295
792,0.00015356023240563254,0.009828013814754146,-0.03590668573628417
793,0.00015279243493610778,0.00982887261342286,-0.03590714799161361
794,0.00015202847644279032,0.009829727104742286,-0.03590760788722734
795,0.00015126833773186716,0.009830577309686436,-0.03590806543284113
796,0.00015051199970551342,0.009831423249091899,-0.03590852063800259
797,0.00014975944336151519,0.009832264943655957,-0.035908973512082595
798,0.00014901064979266345,0.00983310241393445,-0.03590942406426573
799,0.0001482656001863644,0.009833935680339356,-0.03590987230353974
800,0.00014752427582416058,0.00983476476313604,-0.035910318238683826
801,0.00014678665808128593,0.009835589682440159,-0.03591076187825568
802,0.00014605272842611915,0.009836410458214163,-0.03591120323057694
803,0.00014532246841985334,0.009837227110263339,-0.03591164230371709
804,0.00014459585971593223,0.009838039658231311,-0.03591207910547539
805,0.0001438728840596478,0.009838848121594966,-0.03591251364336067
806,0.00014315352328770373,0.009839652519658708,-0.03591294592456861
807,0.00014243775932774088,0.009840452871547887,-0.03591337595595621
808,0.00014172557419791357,0.009841249196201378,-0.035913803744012866
809,0.00014101695000646997,0.009842041512363082,-0.03591422929482782
810,0.00014031186895127766,0.009842829838572221,-0.035914652614053036
811,0.0001396103133194295,0.00984361419315224,-0.03591507370686102
812,0.00013891226548683265,0.00984439459419807,-0.035915492577896696
813,0.000138217707917755,0.009845171059561439,-0.03591590923122206
814,0.0001375266231644738,0.009845943606833926,-0.0359163236702528
815,0.000136838993866805,0.00984671225332729,-0.03591673589768485
816,0.0001361548027517814,0.009847477016050642,-0.03591714591540941
817,0.00013547403263323301,0.009848237911683756,-0.035917553724413916
818,0.00013479666641141438,0.009848994956545756,-0.03591795932466621
819,0.00013412268707265693,0.009849748166558219,-0.03591836271497846
820,0.00013345207768905123,0.009850497557201573,-0.03591876389284622
821,0.00013278482141809115,0.00985124314346303,-0.03591916285425731
822,0.00013212090150239823,0.009851984939774397,-0.03591955959346333
823,0.00013146030126947613,0.009852722959937058,-0.03591995410270469
824,0.00013080300413141814,0.009853457217030997,-0.03592034637187762
825,0.0001301489935848182,0.009854187723303598,-0.03592073638812753
826,0.00012949825321056753,0.009854914490032734,-0.035921124135348946
827,0.00012885076667385468,0.009855637527356529,-0.03592150959356444
828,0.0001282065177242247,0.009856356844059923,-0.0359218927381465
829,0.0001275654901957785,0.009857072447304072,-0.03592227353883195
830,0.00012692766800755404,0.009857784342279373,-0.035922651958459346
831,0.00012629303516411539,0.009858492531754979,-0.03592302795133084
832,0.00012566157575665443,0.009859197015485575,-0.0359234014610567
833,0.00012503327396435528,0.009859897789417801,-0.03592377241767431
834,0.00012440811405675865,0.009860594844610002,-0.03592414073372925
835,0.00012378608039703318,0.009861288165731976,-0.035924506298837394
836,0.00012316715744703892,0.009861977728933873,-0.03592486897196686
837,0.00012255132977504358,0.009862663498738976,-0.035925228570195165
838,0.00012193858206787507,0.009863345423374036,-0.03592558485182965
839,0.00012132889915068028,0.009864023427497159,-0.03592593749014919
840,0.0001207222660202006,0.009864697400380923,-0.035926286030787444
841,0.00012011866790442506,0.009865367175692835,-0.03592662981891213
842,0.00011951809037622251,0.009866032494604833,-0.035926967866576336
843,0.00011892051959036049,0.009866692932736894,-0.03592729859052463
844,0.00011832594283952655,0.009867347738866017,-0.035927619234684634
845,0.00011773435009581929,0.009867995420455534,-0.03592792439063156
846,0.00011714573953425392,0.009868632403822443,-0.03592820123513616
847,0.00011656014883272614,0.009869246578711707,-0.03592840674551098
848,0.00011597825552483583,0.009869734319921846,-0.035928180366001414
849,0.00011539868048615889,0.00987018663612332,-0.03592779434718117
850,0.00011482173331342537,0.009870734723543483,-0.03592776923411026
851,0.00011425128577863604,0.009869667524137874,-0.03592130170946347
852,0.00011368003140353264,0.009870314835181698,-0.03592167782491047
853,0.00011311163332433325,0.009870958455350014,-0.035922050254909604
854,0.0001125460772716961,0.00987159829015169,-0.03592241856906987
855,0.00011198334905350884,0.00987223419823145,-0.0359227821510306
856,0.00011142343455896065,0.009872865961226048,-0.03592314007864287
857,0.00011086631976749989,0.009873493225097663,-0.03592349089075101
858,0.00011031199077079613,0.009874115373586245,-0.03592383208405157
859,0.00010976043383551185,0.009874731213549301,-0.035924158861774975
860,0.00010921163563554581,0.009875338008532176,-0.03592446028924578
861,0.00010866558460003101,0.009875927242931227,-0.03592470243457005
862,0.00010812229463271309,0.009876443555778772,-0.035924664689776405
863,0.00010758347749300068,0.009876064829348259,-0.035921135813304465
864,0.00010704556156812894,0.009876676594390107,-0.03592149893742196
865,0.0001065103352156043,0.00987728359339656,-0.03592185353909023
866,0.00010597778500095604,0.00987788490389036,-0.03592219594568554
867,0.00010544789758439633,0.00987847856377003,-0.03592251840537971
868,0.00010492065982429575,0.009879059273996993,-0.03592280007702565
869,0.00010439605995977309,0.009879603522250426,-0.03592294871764369
870,0.00010387464595903835,0.009879195218148106,-0.03591938495218918
871,0.00010335527422873922,0.009879791366533717,-0.03591975721794262
872,0.00010283849936058306,0.00988038286692369,-0.03592012109642829
873,0.0001023243083809587,0.009880968835777219,-0.03592047307856353
874,0.00010181268839450136,0.009881547417398813,-0.035920805847515884
875,0.00010130362661964803,0.009882113710284302,-0.035921100154543216
876,0.00010079711069303813,0.00988264706866688,-0.035921275061794315
877,0.00010029317854496763,0.009882618155170254,-0.03591925584071733
878,9.979171392204181e-05,0.009883191030899918,-0.03591960440567491
879,9.929275661040612e-05,0.009883754693381134,-0.035919926341330594
880,9.879629409224536e-05,0.00988429965267648,-0.03592018443221257
881,9.830231419618351e-05,0.00988475806585063,-0.03592011316991531
882,9.7810803989114e-05,0.009884857479635006,-0.0359186408896919
883,9.732175118121498e-05,0.00988541359756448,-0.03591897064607912
884,9.683514361807244e-05,0.009885952552589722,-0.03591924232509362
885,9.635096910326356e-05,0.009886421089514194,-0.035919247114243456
886,9.58692173065795e-05,0.009885626578092162,-0.03591429497500343
887,9.53898724053865e-05,0.009886192807519453,-0.0359147012632259
888,9.491292421587095e-05,0.009886755406672413,-0.035915102381233986
889,9.443836075431086e-05,0.009887314118906174,-0.03591549727597019
890,9.3966170096811e-05,0.009887868521401177,-0.03591588424239607
891,9.349634037884951e-05,0.009888417858689325,-0.03591626027027785
892,9.3028859794816e-05,0.009888960605028314,-0.0359166193272623
893,9.256371659711325e-05,0.009889492996309963,-0.03591694660018429
894,9.210089909461482e-05,0.0098900014153952,-0.0359171886338205
895,9.164039572006813e-05,0.009890333964406854,-0.03591675002183366
896,9.118219484472015e-05,0.009890808642600479,-0.03591687758802373
897,9.072650593362282e-05,0.009880037934713405,-0.03587262134158099
898,9.027287448456864e-05,0.009880636726917639,-0.035873254160623494
899,8.982151118214889e-05,0.00988123251530142,-0.03587388377741515
900,8.937240468575685e-05,0.009881825314497652,-0.03587451020644374
901,8.892554371148541e-05,0.009882415139046252,-0.035875133462046745
902,8.848091703178809e-05,0.009883002003393206,-0.03587575355840667
903,8.8038513475318e-05,0.009883585921889525,-0.03587637050954575
904,8.759832192655917e-05,0.00988416690879005,-0.03587698432932024
905,8.71603313255851e-05,0.009884744978252098,-0.03587759503141408
906,8.672453066774089e-05,0.00988532014433398,-0.03587820262933195
907,8.629090900341867e-05,0.00988589242099328,-0.03587880713639152
908,8.585945543774834e-05,0.009886461822084979,-0.035879408565715025
909,8.543015913033899e-05,0.00988702836135931,-0.03588000693021976
910,8.500300929499084e-05,0.009887592052459367,-0.035880602242607744
911,8.457799519944947e-05,0.009888152908918445,-0.03588119451535407
912,8.415510616509646e-05,0.009888710944156977,-0.035881783760694126
913,8.373433156673329e-05,0.00988926617147918,-0.03588236999060917
914,8.331566083227207e-05,0.009889818604069237,-0.03588295321681036
915,8.289908344250663e-05,0.00989036825498696,-0.035883533450720914
916,8.248458893076516e-05,0.009890915137163003,-0.035884110703456
917,8.207216688277879e-05,0.009891459263393326,-0.035884684985800226
918,8.166180693630872e-05,0.00989200064633301,-0.03588525630818231
919,8.125349878095556e-05,0.00989253929848923,-0.03588582468064643
920,8.084723215784149e-05,0.009893075232213241,-0.03588639011281984
921,8.044299685939843e-05,0.009893608459691252,-0.03588695261387606
922,8.004078272908837e-05,0.009894138992934036,-0.03588751219249305
923,7.96405796611703e-05,0.00989466684376498,-0.035888068856805365
924,7.924237760041209e-05,0.009895192023806364,-0.035888622614349316
925,7.884616654187016e-05,0.009895714544463564,-0.03588917347199998
926,7.845193653062247e-05,0.009896234416906777,-0.0358897214358984
927,7.805967766152709e-05,0.00989675165204972,-0.03589026651136724
928,7.766938007895516e-05,0.00989726626052493,-0.03589080870281256
929,7.728103397656635e-05,0.009897778252654695,-0.035891348013608985
930,7.689462959703764e-05,0.009898287638416952,-0.035891884445964764
931,7.651015723187274e-05,0.009898794427404912,-0.03589241800076234
932,7.61276072210545e-05,0.009899298628779056,-0.035892948677368995
933,7.574696995292632e-05,0.009899800251209755,-0.0358934764734106
934,7.536823586386167e-05,0.009900299302808183,-0.035894001384499566
935,7.499139543804795e-05,0.009900795791042647,-0.035894523403905323
936,7.461643920727884e-05,0.009901289722636436,-0.035895042522152566
937,7.424335775065777e-05,0.009901781103442189,-0.035895558726526985
938,7.387214169441986e-05,0.009902269938285947,-0.03589607200046236
939,7.350278171168619e-05,0.009902756230771859,-0.03589658232277287
940,7.313526852215876e-05,0.00990323998303495,-0.03589708966668185
941,7.276959289201868e-05,0.009903721195424656,-0.03589759399857858
942,7.240574563355767e-05,0.009904199866094606,-0.03589809527640724
943,7.204371760506778e-05,0.009904675990463402,-0.03589859344754943
944,7.168349971050241e-05,0.009905149560494783,-0.035899088445997915
945,7.132508289937047e-05,0.009905620563719868,-0.03589958018851799
946,7.096845816640575e-05,0.009906088981882647,-0.03590006856933023
